{"Neon Particle":[2,false,1.0,0.8,true,false,0.8,false,1.0,1.0,true,2,false,0.8,0.6,true,0.9,0.1,0.2,0.3,20.0,true,true,true,true,true,true,true,true,true,true,true,true,true,0.88,1,0.5,2.0,1.0,5.6264480874316947,1.770710382513661,0.2,0.1,1.3695081967213107,0.25,0.5,0.25,0.2,-0.03,0.0,0.1,0.0,0.3,1.0,true,0.3,0.8,0,1,0.2,1.0,true,0,true,0.2,50000.0,1.0,1.0,0.5,0,0.5,2.0,1.0,1.0,1.0,0.2,0.1,2.0,0.5,0.5,0.25,0.2,-0.03,0.0,0.1,0.0,0.3,1.0,true,0.3,0.8,0,1,0.2,1.0,true,0,true,0.2,50000.0,1.0,1.0,0.5,0,0.5,2.0,1.0,1.0,1.0,0.2,0.1,2.0,0.5,0.5,0.25,0.2,-0.03,0.0,0.1,0.0,0.3,1.0,true,0.3,0.8,0,1,0.2,1.0,true,0,true,0.2,50000.0,1.0,1.0,0.5,0,0.5,2.0,1.0,1.0,1.0,0.2,0.1,2.0,0.5,0.5,0.25,0.2,-0.03,0.0,0.1,0.0,0.3,1.0,true,0.3,0.8,0,1,0.2,1.0,true,0,true,0.2,50000.0,1.0,1.0,0.5,0,0.5,2.0,1.0,1.0,1.0,0.2,0.1,2.0,0.5,0.5,0.25,0.2,-0.03,0.0,0.1,0.0,0.3,1.0,true,0.3,0.8,0,1,0.2,1.0,true,0,true,0.2,50000.0,1.0,1.0,0.5,0,0.5,2.0,1.0,1.0,1.0,0.2,0.1,2.0,0.5,0.5,0.25,0.2,-0.03,0.0,0.1,0.0,0.3,1.0,true,0.3,0.8,0,1,0.2,1.0,true,0,true,0.2,50000.0,1.0,1.0,0.5,0,0.5,2.0,1.0,1.0,1.0,0.2,0.1,2.0,0.5,0.5,0.25,0.2,-0.03,0.0,0.1,0.0,0.3,1.0,true,0.3,0.8,0,1,0.2,1.0,true,0,true,0.2,50000.0,1.0,1.0,0.5,0,0.5,2.0,1.0,1.0,1.0,0.2,0.1,2.0,0.5,0.5,0.25,0.2,-0.03,0.0,0.1,0.0,0.3,1.0,true,0.3,0.8,0,1,0.2,1.0,true,0,true,0.2,50000.0,1.0,1.0],"S10 White":[0,false,1.0,1.0,false,false,0.8,false,1.0,1.0,true,0,false,0.8,0.6,false,0.9,0.1,0.2,0.3,20.0,true,true,true,true,true,true,true,true,true,true,true,true,true,0.88,0,0.5,2.0,1.0,5.6264480874316947,1.770710382513661,0.2,0.1,1.3695081967213107,0.25,0.5,0.25,0.2,-0.03,0.0,0.1,0.0,0.3,1.0,true,0.3,0.8,0,1,0.2,1.0,true,0,true,0.2,50000.0,1.0,1.0,0.5,0,0.5,2.0,1.0,1.0,1.0,0.2,0.1,2.0,0.5,0.5,0.25,0.2,-0.03,0.0,0.1,0.0,0.3,1.0,true,0.3,0.8,0,1,0.2,1.0,true,0,true,0.2,50000.0,1.0,1.0,0.5,0,0.5,2.0,1.0,1.0,1.0,0.2,0.1,2.0,0.5,0.5,0.25,0.2,-0.03,0.0,0.1,0.0,0.3,1.0,true,0.3,0.8,0,1,0.2,1.0,true,0,true,0.2,50000.0,1.0,1.0,0.5,0,0.5,2.0,1.0,1.0,1.0,0.2,0.1,2.0,0.5,0.5,0.25,0.2,-0.03,0.0,0.1,0.0,0.3,1.0,true,0.3,0.8,0,1,0.2,1.0,true,0,true,0.2,50000.0,1.0,1.0,0.5,0,0.5,2.0,1.0,1.0,1.0,0.2,0.1,2.0,0.5,0.5,0.25,0.2,-0.03,0.0,0.1,0.0,0.3,1.0,true,0.3,0.8,0,1,0.2,1.0,true,0,true,0.2,50000.0,1.0,1.0,0.5,0,0.5,2.0,1.0,1.0,1.0,0.2,0.1,2.0,0.5,0.5,0.25,0.2,-0.03,0.0,0.1,0.0,0.3,1.0,true,0.3,0.8,0,1,0.2,1.0,true,0,true,0.2,50000.0,1.0,1.0,0.5,0,0.5,2.0,1.0,1.0,1.0,0.2,0.1,2.0,0.5,0.5,0.25,0.2,-0.03,0.0,0.1,0.0,0.3,1.0,true,0.3,0.8,0,1,0.2,1.0,true,0,true,0.2,50000.0,1.0,1.0,0.5,0,0.5,2.0,1.0,1.0,1.0,0.2,0.1,2.0,0.5,0.5,0.25,0.2,-0.03,0.0,0.1,0.0,0.3,1.0,true,0.3,0.8,0,1,0.2,1.0,true,0,true,0.2,50000.0,1.0,1.0]}